sno	Collected_Metabolite_name	KEGG_Identifier	Name	Synonyms	CAS	Pubchem_Identifier	CHEBI	Biomarker_Type	PMID	Organism_Tested	Organism_Strain	Gender	Age_In_Years	Tested_Cell_Type	Exposed_Area	Exposed_Area_Type	Radiation_Type	Dosage_Rate	Dose	Study_Type	Control	Sampling_Time_In_hrs	Type_Of_OMICS_Data	Testing_Method	Regulation	Tested_Cell_Or_Tissue_OLS	Identifier_OLS	Identifier_Type_OLS	Empty_col
1	cis-Urocanic acid		cis-Urocanic acid		7699-35-6	1549103	CHEBI:30818	Metabolite	28358172	Homo sapiens	Northern European		18 and above	Biopsy of exposed lower back region	Lower back	Tissue	UVB-radiation			In vivo	No irradiation	24	Metabolomics	HPLC	Up	skin of body	UBERON_0002097	Uberon Ontology	
2	cis-Urocanic acid		cis-Urocanic acid		7699-35-6	1549103	CHEBI:30818	Metabolite	28358172	Homo sapiens	Northern European		18 and above	Biopsy of exposed lower back region	Lower back	Tissue	UVB-radiation			In vivo	No irradiation	72	Metabolomics	HPLC	Up	skin of body	UBERON_0002097	Uberon Ontology	
3	trans-Urocanic acid	C00785	trans-Urocanic acid	Urocanic acid	104-98-3;3465-72-3	736715	CHEBI:30817	Metabolite	28358172	Homo sapiens	Northern European		18 and above	Biopsy of exposed lower back region	Lower back	Tissue	UVB-radiation			In vivo	No irradiation	24	Metabolomics	HPLC	Down	skin of body	UBERON_0002097	Uberon Ontology	
4	trans-Urocanic acid	C00785	trans-Urocanic acid	Urocanic acid	104-98-3;3465-72-3	736715	CHEBI:30817	Metabolite	28358172	Homo sapiens	Northern European		18 and above	Biopsy of exposed lower back region	Lower back	Tissue	UVB-radiation			In vivo	No irradiation	72	Metabolomics	HPLC	Down	skin of body	UBERON_0002097	Uberon Ontology	
5	Melanin	C05606	Melanin		8049-97-6	6325610	CHEBI:89634	Metabolite	15955111	Homo sapiens	Asian			Biopsy of exposed skin	Back skin	Tissue	UV radiation-General	1.6	300-600	In vivo	No irradiation	168	Metabolomics	Reflectance spectrometry	Up	skin of body	UBERON_0002097	Uberon Ontology	
6	Melanin	C05606	Melanin		8049-97-6	6325610	CHEBI:89634	Metabolite	15955111	Homo sapiens	Black			Biopsy of exposed skin	Back skin	Tissue	UV radiation-General	1.6	600-850	In vivo	No irradiation	168	Metabolomics	Reflectance spectrometry	Up	skin of body	UBERON_0002097	Uberon Ontology	
7	5SCD	C17935	Cysteinyldopa	5-S-Cysteinyl-DOPA	19641-92-0	14178745	CHEBI:81392	Metabolite	18627527	Homo sapiens	Fitzpatrick skin type II-III	Both	32-63	Biopsy of exposed skin	Skin	Tissue	UV radiation-General			In vivo	No irradiation	336	Metabolomics	HPLC	Up	skin of body	UBERON_0002097	Uberon Ontology	
8	5SCD	C17935	Cysteinyldopa	5-S-Cysteinyl-DOPA	19641-92-0	14178745	CHEBI:81392	Metabolite	18627527	Homo sapiens	Fitzpatrick skin type II-III	Both	32-63	Biopsy of exposed skin	Skin	Tissue	UVB-radiation			In vivo	No irradiation	336	Metabolomics	HPLC	Up	skin of body	UBERON_0002097	Uberon Ontology	
9	DOPA	C00355	Levodopa	3,4-Dihydroxy-L-phenylalanine;L-Dopa;3-Hydroxy-L-tyrosine;L-beta-(3,4-Dihydroxyphenyl)alanine;Dihydroxy-L-phenylalanine	59-92-7	6047	CHEBI:15765	Metabolite	18627527	Homo sapiens	Fitzpatrick skin type II-III	Both	32-63	Biopsy of exposed skin	Skin	Tissue	UV radiation-General			In vivo	No irradiation	336	Metabolomics	HPLC	Up	skin of body	UBERON_0002097	Uberon Ontology	
10	7-dehydrocholesterol	C01164	7-dehydrocholesterol	Provitamin D3;Cholesta-5,7-dien-3beta-ol	434-16-2	439423	CHEBI:17759	Metabolite	6834833	Rattus norvegicus	Wistar	Male	0.15	Exposed skin	Skin	Tissue	UV radiation-General		1150	In vivo	No irradiation	672	Metabolomics	HPLC	Up	skin of body	UBERON_0002097	Uberon Ontology	
11	6-keto-PGF1a	C05961	6-Keto-prostaglandin F1alpha		58962-34-8	5280888	CHEBI:28158	Metabolite	2116482	Homo sapiens				Human epidermal cell cultures (HEK)	Human epidermal cell cultures (HEK)	Cell	UVA-radiation	100	100000	In vitro	No irradiation	24	Metabolomics	HPLC	Up	epidermal cell	CL_0000362	Cell Ontology	
12	PGE2	C00584	Prostaglandin E2	(5Z,13E)-(15S)-11alpha,15-Dihydroxy-9-oxoprosta-5,13-dienoate;Dinoprostone;PGE2	363-24-6	5280360	CHEBI:15551	Metabolite	2116482	Homo sapiens				Human epidermal cell cultures (HEK)	Human epidermal cell cultures (HEK)	Cell	UVA-radiation	100	100000	In vitro	No irradiation	24	Metabolomics	HPLC	Up	epidermal cell	CL_0000362	Cell Ontology	
13	Ca2+	C00076	Calcium cation	Ca2+;Calcium(2+);Calcium ion	14127-61-8;7440-70-2	271	CHEBI:22984;CHEBI:29108	Metabolite	22055294	Homo sapiens				Human epidermal melanocytes	Human epidermal melanocytes	Cell	UV radiation-General		2000	In vitro	No irradiation	24	Metabolomics	Fluorometric Ca2+ imaging trace	Up	epidermal melanocyte	CL_2000000	Cell Ontology	
14	Ca2+	C00076	Calcium cation	Ca2+;Calcium(2+);Calcium ion	14127-61-8;7440-70-2	271	CHEBI:22984;CHEBI:29108	Metabolite	22055294	Homo sapiens				Human epidermal melanocytes	Human epidermal melanocytes	Cell	UVA-radiation		1800	In vitro	No irradiation	24	Metabolomics	Fluorometric Ca2+ imaging trace	Up	epidermal melanocyte	CL_2000000	Cell Ontology	
15	NO	C00533	Nitric oxide	NO;Nitrogen monoxide	10102-43-9	145068	CHEBI:16480	Metabolite	19734575	Homo sapiens				Human skin fibroblasts	Human skin fibroblasts	Cell	UVA-radiation		10000	In vitro	No irradiation	48	Metabolomics	Biochemical assay for testing NO content	Up	fibroblast of dermis	CL_0002551	Cell Ontology	
16	NO	C00533	Nitric oxide	NO;Nitrogen monoxide	10102-43-9	145068	CHEBI:16480	Metabolite	19734575	Homo sapiens				Human skin fibroblasts	Human skin fibroblasts	Cell	UVA-radiation		50000	In vitro	No irradiation	48	Metabolomics	Biochemical assay for testing NO content	Up	fibroblast of dermis	CL_0002551	Cell Ontology	
17	NO	C00533	Nitric oxide	NO;Nitrogen monoxide	10102-43-9	145068	CHEBI:16480	Metabolite	19734575	Homo sapiens				Human skin fibroblasts	Human skin fibroblasts	Cell	UVA-radiation		50000	In vitro	No irradiation	72	Metabolomics	Biochemical assay for testing NO content	Up	fibroblast of dermis	CL_0002551	Cell Ontology	
18	NO	C00533	Nitric oxide	NO;Nitrogen monoxide	10102-43-9	145068	CHEBI:16480	Metabolite	19734575	Homo sapiens				Human skin fibroblasts	Human skin fibroblasts	Cell	UVA-radiation		100000	In vitro	No irradiation	72	Metabolomics	Biochemical assay for testing NO content	Up	fibroblast of dermis	CL_0002551	Cell Ontology	
19	NO	C00533	Nitric oxide	NO;Nitrogen monoxide	10102-43-9	145068	CHEBI:16480	Metabolite	19734575	Homo sapiens				Human skin fibroblasts	Human skin fibroblasts	Cell	UVA-radiation		100000	In vitro	No irradiation	48	Metabolomics	Biochemical assay for testing NO content	Up	fibroblast of dermis	CL_0002551	Cell Ontology	
20	NO	C00533	Nitric oxide	NO;Nitrogen monoxide	10102-43-9	145068	CHEBI:16480	Metabolite	19734575	Homo sapiens				Human skin fibroblasts	Human skin fibroblasts	Cell	UVA-radiation		10000	In vitro	No irradiation	72	Metabolomics	Biochemical assay for testing NO content	Up	fibroblast of dermis	CL_0002551	Cell Ontology	
21	Betaine	C00719	Betaine	Trimethylaminoacetate;Glycine betaine;N,N,N-Trimethylglycine;Trimethylammonioacetate	107-43-7	247	CHEBI:17750	Metabolite	16185952	Rattus norvegicus	Norwegian Brown		0.12	Lens	Unilateral exposure to eyes	Tissue	UVB-radiation		15000	In vivo	No irradiation	125	Metabolomics	1H NMR spectroscopy	Down	transparent eye structure	UBERON_0005389	Uberon Ontology	
22	Betaine	C00719	Betaine	Trimethylaminoacetate;Glycine betaine;N,N,N-Trimethylglycine;Trimethylammonioacetate	107-43-7	247	CHEBI:17750	Metabolite	16185952	Rattus norvegicus	Norwegian Brown		0.12	Lens	Unilateral exposure to eyes	Tissue	UVB-radiation		15000	In vivo	No irradiation	625	Metabolomics	1H NMR spectroscopy	Down	transparent eye structure	UBERON_0005389	Uberon Ontology	
23	Lactate	C00186	Lactate	(S)-Lactate;L-Lactate;L-Lactic acid	79-33-4	107689	CHEBI:422	Metabolite	16185952	Rattus norvegicus	Norwegian Brown		0.12	Lens	Unilateral exposure to eyes	Tissue	UVB-radiation		15000	In vivo	No irradiation	125	Metabolomics	1H NMR spectroscopy	Down	transparent eye structure	UBERON_0005389	Uberon Ontology	
24	Myo-inositol	C00137	Myo-inositol	D-myo-Inositol;1D-myo-Inositol;L-myo-Inositol;1L-myo-Inositol;meso-Inositol;Inositol;Dambose;Cyclohexitol;Meat sugar;Bios I	87-89-8	892	CHEBI:17268	Metabolite	16185952	Rattus norvegicus	Norwegian Brown		0.12	Lens	Unilateral exposure to eyes	Tissue	UVB-radiation		15000	In vivo	No irradiation	125	Metabolomics	1H NMR spectroscopy	Down	transparent eye structure	UBERON_0005389	Uberon Ontology	
25	p-choline		p-choline		58887-04-0	124441		Metabolite	16185952	Rattus norvegicus	Norwegian Brown		0.12	Lens	Unilateral exposure to eyes	Tissue	UVB-radiation		15000	In vivo	No irradiation	125	Metabolomics	1H NMR spectroscopy	Down	transparent eye structure	UBERON_0005389	Uberon Ontology	
26	p-choline		p-choline		58887-04-0	124441		Metabolite	16185952	Rattus norvegicus	Norwegian Brown		0.12	Lens	Unilateral exposure to eyes	Tissue	UVB-radiation		15000	In vivo	No irradiation	625	Metabolomics	1H NMR spectroscopy	Down	transparent eye structure	UBERON_0005389	Uberon Ontology	
27	Phenylalanine	C00079	Phenylalanine	(S)-alpha-Amino-beta-phenylpropionic acid	63-91-2	6140	CHEBI:17295	Metabolite	16185952	Rattus norvegicus	Norwegian Brown		0.12	Lens	Unilateral exposure to eyes	Tissue	UVB-radiation		15000	In vivo	No irradiation	125	Metabolomics	1H NMR spectroscopy	Up	transparent eye structure	UBERON_0005389	Uberon Ontology	
28	Succinate	C00042	Succinate	Succinic acid;Butanedionic acid;Ethylenesuccinic acid	110-15-6	1110	CHEBI:15741	Metabolite	16185952	Rattus norvegicus	Norwegian Brown		0.12	Lens	Unilateral exposure to eyes	Tissue	UVB-radiation		15000	In vivo	No irradiation	125	Metabolomics	1H NMR spectroscopy	Down	transparent eye structure	UBERON_0005389	Uberon Ontology	
29	Taurine	C00245	Taurine	2-Aminoethanesulfonic acid;Aminoethylsulfonic acid	107-35-7	1123	CHEBI:15891	Metabolite	16185952	Rattus norvegicus	Norwegian Brown		0.12	Lens	Unilateral exposure to eyes	Tissue	UVB-radiation		15000	In vivo	No irradiation	125	Metabolomics	1H NMR spectroscopy	Down	transparent eye structure	UBERON_0005389	Uberon Ontology	
30	ADP	C00008	Adenosine 5'-diphosphate	ADP	58-64-0	6022	CHEBI:16761	Metabolite	15161858	Rattus norvegicus	Sprague Dawley-Albino	Female	0.12	Lens of an irradiated eye	Eye of intact animal	Tissue	UV radiation-General		2500	In vivo	No irradiation	168	Metabolomics	1H NMR spectroscopy	Down	transparent eye structure	UBERON_0005389	Uberon Ontology	
31	ADP	C00008	Adenosine 5'-diphosphate	ADP	58-64-0	6022	CHEBI:16761	Metabolite	15161858	Rattus norvegicus	Sprague Dawley-Albino	Female	0.12	Lens of an irradiated eye	Eye of intact animal	Tissue	UV radiation-General		5000	In vivo	No irradiation	168	Metabolomics	1H NMR spectroscopy	Down	transparent eye structure	UBERON_0005389	Uberon Ontology	
32	ADP	C00008	Adenosine 5'-diphosphate	ADP	58-64-0	6022	CHEBI:16761	Metabolite	15161858	Rattus norvegicus	Sprague Dawley-Albino	Female	0.12	Lens of an irradiated eye	Eye of intact animal	Tissue	UV radiation-General		7500	In vivo	No irradiation	168	Metabolomics	1H NMR spectroscopy	Down	transparent eye structure	UBERON_0005389	Uberon Ontology	
33	AMP	C00020	Adenosine 5'-monophosphate	AMP;Adenosine 5'-monophosphate;Adenylic acid;Adenylate;5'-AMP;5'-Adenylic acid;5'-Adenosine monophosphate;Adenosine 5'-phosphate	61-19-8	6083	CHEBI:16027	Metabolite	15161858	Rattus norvegicus	Sprague Dawley-Albino	Female	0.12	Lens of an irradiated eye	Eye of intact animal	Tissue	UV radiation-General		5000	In vivo	No irradiation	168	Metabolomics	1H NMR spectroscopy	Up	transparent eye structure	UBERON_0005389	Uberon Ontology	
34	AMP	C00020	Adenosine 5'-monophosphate	AMP;Adenosine 5'-monophosphate;Adenylic acid;Adenylate;5'-AMP;5'-Adenylic acid;5'-Adenosine monophosphate;Adenosine 5'-phosphate	61-19-8	6083	CHEBI:16027	Metabolite	15161858	Rattus norvegicus	Sprague Dawley-Albino	Female	0.12	Lens of an irradiated eye	Eye of intact animal	Tissue	UV radiation-General		7500	In vivo	No irradiation	168	Metabolomics	1H NMR spectroscopy	Up	transparent eye structure	UBERON_0005389	Uberon Ontology	
35	AMP	C00020	Adenosine 5'-monophosphate	AMP;Adenosine 5'-monophosphate;Adenylic acid;Adenylate;5'-AMP;5'-Adenylic acid;5'-Adenosine monophosphate;Adenosine 5'-phosphate	61-19-8	6083	CHEBI:16027	Metabolite	15161858	Rattus norvegicus	Sprague Dawley-Albino	Female	0.12	Lens of an irradiated eye	Eye of intact animal	Tissue	UV radiation-General		2500	In vivo	No irradiation	168	Metabolomics	1H NMR spectroscopy	Up	transparent eye structure	UBERON_0005389	Uberon Ontology	
36	ATP	C00002	ATP	Adenosine 5'-triphosphate	56-65-5	5957	CHEBI:15422	Metabolite	15161858	Rattus norvegicus	Sprague Dawley-Albino	Female	0.12	Lens of an irradiated eye	Eye of intact animal	Tissue	UV radiation-General		2500	In vivo	No irradiation	168	Metabolomics	1H NMR spectroscopy	Down	transparent eye structure	UBERON_0005389	Uberon Ontology	
37	ATP	C00002	ATP	Adenosine 5'-triphosphate	56-65-5	5957	CHEBI:15422	Metabolite	15161858	Rattus norvegicus	Sprague Dawley-Albino	Female	0.12	Lens of an irradiated eye	Eye of intact animal	Tissue	UV radiation-General		5000	In vivo	No irradiation	168	Metabolomics	1H NMR spectroscopy	Down	transparent eye structure	UBERON_0005389	Uberon Ontology	
38	ATP	C00002	ATP	Adenosine 5'-triphosphate	56-65-5	5957	CHEBI:15422	Metabolite	15161858	Rattus norvegicus	Sprague Dawley-Albino	Female	0.12	Lens of an irradiated eye	Eye of intact animal	Tissue	UV radiation-General		7500	In vivo	No irradiation	168	Metabolomics	1H NMR spectroscopy	Down	transparent eye structure	UBERON_0005389	Uberon Ontology	
39	Betaine	C00719	Betaine	Trimethylaminoacetate;Glycine betaine;N,N,N-Trimethylglycine;Trimethylammonioacetate	107-43-7	247	CHEBI:17750	Metabolite	15161858	Rattus norvegicus	Sprague Dawley-Albino	Female	0.12	Lens of an irradiated eye	Eye of intact animal	Tissue	UV radiation-General		2500	In vivo	No irradiation	168	Metabolomics	1H NMR spectroscopy	Down	transparent eye structure	UBERON_0005389	Uberon Ontology	
40	Betaine	C00719	Betaine	Trimethylaminoacetate;Glycine betaine;N,N,N-Trimethylglycine;Trimethylammonioacetate	107-43-7	247	CHEBI:17750	Metabolite	15161858	Rattus norvegicus	Sprague Dawley-Albino	Female	0.12	Lens of an irradiated eye	Eye of intact animal	Tissue	UV radiation-General		5000	In vivo	No irradiation	168	Metabolomics	1H NMR spectroscopy	Down	transparent eye structure	UBERON_0005389	Uberon Ontology	
41	Betaine	C00719	Betaine	Trimethylaminoacetate;Glycine betaine;N,N,N-Trimethylglycine;Trimethylammonioacetate	107-43-7	247	CHEBI:17750	Metabolite	15161858	Rattus norvegicus	Sprague Dawley-Albino	Female	0.12	Lens of an irradiated eye	Eye of intact animal	Tissue	UV radiation-General		7500	In vivo	No irradiation	168	Metabolomics	1H NMR spectroscopy	Down	transparent eye structure	UBERON_0005389	Uberon Ontology	
42	Glutathione (GSH)	C00051	Glutathione	5-L-Glutamyl-L-cysteinylglycine;N-(N-gamma-L-Glutamyl-L-cysteinyl)glycine;gamma-L-Glutamyl-L-cysteinyl-glycine;GSH;Reduced glutathione	70-18-8	124886	CHEBI:16856	Metabolite	15161858	Rattus norvegicus	Sprague Dawley-Albino	Female	0.12	Lens of an irradiated eye	Eye of intact animal	Tissue	UV radiation-General		2500	In vivo	No irradiation	168	Metabolomics	1H NMR spectroscopy	Down	transparent eye structure	UBERON_0005389	Uberon Ontology	
43	Glutathione (GSH)	C00051	Glutathione	5-L-Glutamyl-L-cysteinylglycine;N-(N-gamma-L-Glutamyl-L-cysteinyl)glycine;gamma-L-Glutamyl-L-cysteinyl-glycine;GSH;Reduced glutathione	70-18-8	124886	CHEBI:16856	Metabolite	15161858	Rattus norvegicus	Sprague Dawley-Albino	Female	0.12	Lens of an irradiated eye	Eye of intact animal	Tissue	UV radiation-General		7500	In vivo	No irradiation	168	Metabolomics	1H NMR spectroscopy	Down	transparent eye structure	UBERON_0005389	Uberon Ontology	
44	Glutathione (GSH)	C00051	Glutathione	5-L-Glutamyl-L-cysteinylglycine;N-(N-gamma-L-Glutamyl-L-cysteinyl)glycine;gamma-L-Glutamyl-L-cysteinyl-glycine;GSH;Reduced glutathione	70-18-8	124886	CHEBI:16856	Metabolite	15161858	Rattus norvegicus	Sprague Dawley-Albino	Female	0.12	Lens of an irradiated eye	Eye of intact animal	Tissue	UV radiation-General		5000	In vivo	No irradiation	168	Metabolomics	1H NMR spectroscopy	Down	transparent eye structure	UBERON_0005389	Uberon Ontology	
45	Myo-inositol	C00137	Myo-inositol	D-myo-Inositol;1D-myo-Inositol;L-myo-Inositol;1L-myo-Inositol;meso-Inositol;Inositol;Dambose;Cyclohexitol;Meat sugar;Bios I	87-89-8	892	CHEBI:17268	Metabolite	15161858	Rattus norvegicus	Sprague Dawley-Albino	Female	0.12	Lens of an irradiated eye	Eye of intact animal	Tissue	UV radiation-General		5000	In vivo	No irradiation	168	Metabolomics	1H NMR spectroscopy	Down	transparent eye structure	UBERON_0005389	Uberon Ontology	
46	Myo-inositol	C00137	Myo-inositol	D-myo-Inositol;1D-myo-Inositol;L-myo-Inositol;1L-myo-Inositol;meso-Inositol;Inositol;Dambose;Cyclohexitol;Meat sugar;Bios I	87-89-8	892	CHEBI:17268	Metabolite	15161858	Rattus norvegicus	Sprague Dawley-Albino	Female	0.12	Lens of an irradiated eye	Eye of intact animal	Tissue	UV radiation-General		7500	In vivo	No irradiation	168	Metabolomics	1H NMR spectroscopy	Down	transparent eye structure	UBERON_0005389	Uberon Ontology	
47	Myo-inositol	C00137	Myo-inositol	D-myo-Inositol;1D-myo-Inositol;L-myo-Inositol;1L-myo-Inositol;meso-Inositol;Inositol;Dambose;Cyclohexitol;Meat sugar;Bios I	87-89-8	892	CHEBI:17268	Metabolite	15161858	Rattus norvegicus	Sprague Dawley-Albino	Female	0.12	Lens of an irradiated eye	Eye of intact animal	Tissue	UV radiation-General		2500	In vivo	No irradiation	168	Metabolomics	1H NMR spectroscopy	Down	transparent eye structure	UBERON_0005389	Uberon Ontology	
48	Phosphocholine	C00588	Phosphocholine	Choline phosphate;Phosphorylcholine;Phosphocholine;O-Phosphocholine	3616-04-4	1014	CHEBI:18132	Metabolite	15161858	Rattus norvegicus	Sprague Dawley-Albino	Female	0.12	Lens of an irradiated eye	Eye of intact animal	Tissue	UV radiation-General		7500	In vivo	No irradiation	168	Metabolomics	1H NMR spectroscopy	Down	transparent eye structure	UBERON_0005389	Uberon Ontology	
49	Phosphocholine	C00588	Phosphocholine	Choline phosphate;Phosphorylcholine;Phosphocholine;O-Phosphocholine	3616-04-4	1014	CHEBI:18132	Metabolite	15161858	Rattus norvegicus	Sprague Dawley-Albino	Female	0.12	Lens of an irradiated eye	Eye of intact animal	Tissue	UV radiation-General		5000	In vivo	No irradiation	168	Metabolomics	1H NMR spectroscopy	Down	transparent eye structure	UBERON_0005389	Uberon Ontology	
50	Phosphocholine	C00588	Phosphocholine	Choline phosphate;Phosphorylcholine;Phosphocholine;O-Phosphocholine	3616-04-4	1014	CHEBI:18132	Metabolite	15161858	Rattus norvegicus	Sprague Dawley-Albino	Female	0.12	Lens of an irradiated eye	Eye of intact animal	Tissue	UV radiation-General		2500	In vivo	No irradiation	168	Metabolomics	1H NMR spectroscopy	Down	transparent eye structure	UBERON_0005389	Uberon Ontology	
51	Succinate	C00042	Succinate	Succinic acid;Butanedionic acid;Ethylenesuccinic acid	110-15-6	1110	CHEBI:15741	Metabolite	15161858	Rattus norvegicus	Sprague Dawley-Albino	Female	0.12	Lens of an irradiated eye	Eye of intact animal	Tissue	UV radiation-General		2500	In vivo	No irradiation	168	Metabolomics	1H NMR spectroscopy	Down	transparent eye structure	UBERON_0005389	Uberon Ontology	
52	Succinate	C00042	Succinate	Succinic acid;Butanedionic acid;Ethylenesuccinic acid	110-15-6	1110	CHEBI:15741	Metabolite	15161858	Rattus norvegicus	Sprague Dawley-Albino	Female	0.12	Lens of an irradiated eye	Eye of intact animal	Tissue	UV radiation-General		5000	In vivo	No irradiation	168	Metabolomics	1H NMR spectroscopy	Down	transparent eye structure	UBERON_0005389	Uberon Ontology	
53	Succinate	C00042	Succinate	Succinic acid;Butanedionic acid;Ethylenesuccinic acid	110-15-6	1110	CHEBI:15741	Metabolite	15161858	Rattus norvegicus	Sprague Dawley-Albino	Female	0.12	Lens of an irradiated eye	Eye of intact animal	Tissue	UV radiation-General		7500	In vivo	No irradiation	168	Metabolomics	1H NMR spectroscopy	Down	transparent eye structure	UBERON_0005389	Uberon Ontology	
54	Phenylalanine	C00079	Phenylalanine	(S)-alpha-Amino-beta-phenylpropionic acid	63-91-2	6140	CHEBI:17295	Metabolite	17122130	Rattus norvegicus	Sprague Dawley-Albino	Female	0.12	Lens- Anterior	One eye	Tissue	UVB-radiation		7500	In vivo	No irradiation	168	Metabolomics	1D-NMR	Down	transparent eye structure	UBERON_0005389	Uberon Ontology	
55	Hypo-taurine	C00519	Hypo-taurine	Hypotaurine;2-Aminoethanesulfinic acid	300-84-5	107812	CHEBI:16668	Metabolite	17122130	Rattus norvegicus	Sprague Dawley-Albino	Female	0.12	Lens- Anterior	One eye	Tissue	UVB-radiation		7500	In vivo	No irradiation	168	Metabolomics	1D-NMR	Down	transparent eye structure	UBERON_0005389	Uberon Ontology	
56	Isoleucine	C00407	Isoleucine	L-Isoleucine;2-Amino-3-methylvaleric acid	73-32-5	6306	CHEBI:17191	Metabolite	17122130	Rattus norvegicus	Sprague Dawley-Albino	Female	0.12	Lens- Anterior	One eye	Tissue	UVB-radiation		7500	In vivo	No irradiation	168	Metabolomics	1D-NMR	Down	transparent eye structure	UBERON_0005389	Uberon Ontology	
57	Glutathione	C00051	Glutathione	5-L-Glutamyl-L-cysteinylglycine;N-(N-gamma-L-Glutamyl-L-cysteinyl)glycine;gamma-L-Glutamyl-L-cysteinyl-glycine;GSH;Reduced glutathione	70-18-8	124886	CHEBI:16856	Metabolite	17122130	Rattus norvegicus	Sprague Dawley-Albino	Female	0.12	Lens- Anterior	One eye	Tissue	UVB-radiation		7500	In vivo	No irradiation	168	Metabolomics	1D-NMR	Down	transparent eye structure	UBERON_0005389	Uberon Ontology	
58	Glutamate	C00025	Glutamate	L-Glutamate;L-Glutamic acid;L-Glutaminic acid	56-86-0	33032	CHEBI:16015	Metabolite	17122130	Rattus norvegicus	Sprague Dawley-Albino	Female	0.12	Lens- Anterior	One eye	Tissue	UVB-radiation		7500	In vivo	No irradiation	168	Metabolomics	1D-NMR	Down	transparent eye structure	UBERON_0005389	Uberon Ontology	
59	Taurine	C00245	Taurine	2-Aminoethanesulfonic acid;Aminoethylsulfonic acid	107-35-7	1123	CHEBI:15891	Metabolite	17122130	Rattus norvegicus	Sprague Dawley-Albino	Female	0.12	Lens- Anterior	One eye	Tissue	UVB-radiation		7500	In vivo	No irradiation	168	Metabolomics	1D-NMR	Down	transparent eye structure	UBERON_0005389	Uberon Ontology	
60	Phosphocholine	C00588	Phosphocholine	Choline phosphate;Phosphorylcholine;Phosphocholine;O-Phosphocholine	3616-04-4	1014	CHEBI:18132	Metabolite	17122130	Rattus norvegicus	Sprague Dawley-Albino	Female	0.12	Lens- Anterior	One eye	Tissue	UVB-radiation		7500	In vivo	No irradiation	168	Metabolomics	1D-NMR	Down	transparent eye structure	UBERON_0005389	Uberon Ontology	
61	Myo-inositol	C00137	Myo-inositol	D-myo-Inositol;1D-myo-Inositol;L-myo-Inositol;1L-myo-Inositol;meso-Inositol;Inositol;Dambose;Cyclohexitol;Meat sugar;Bios I	87-89-8	892	CHEBI:17268	Metabolite	17122130	Rattus norvegicus	Sprague Dawley-Albino	Female	0.12	Lens- Anterior	One eye	Tissue	UVB-radiation		7500	In vivo	No irradiation	168	Metabolomics	1D-NMR	Down	transparent eye structure	UBERON_0005389	Uberon Ontology	
62	Succinate	C00042	Succinate	Succinic acid;Butanedionic acid;Ethylenesuccinic acid	110-15-6	1110	CHEBI:15741	Metabolite	17122130	Rattus norvegicus	Sprague Dawley-Albino	Female	0.12	Lens- Anterior	One eye	Tissue	UVB-radiation		7500	In vivo	No irradiation	168	Metabolomics	1D-NMR	Down	transparent eye structure	UBERON_0005389	Uberon Ontology	
63	Tyrosine	C00082	Tyrosine	L-Tyrosine;(S)-3-(p-Hydroxyphenyl)alanine;(S)-2-Amino-3-(p-hydroxyphenyl)propionic acid	60-18-4	6057	CHEBI:17895	Metabolite	17122130	Rattus norvegicus	Sprague Dawley-Albino	Female	0.12	Lens- Anterior	One eye	Tissue	UVB-radiation		7500	In vivo	No irradiation	168	Metabolomics	1D-NMR	Down	transparent eye structure	UBERON_0005389	Uberon Ontology	
64	Valine	C00183	Valine	L-Valine;2-Amino-3-methylbutyric acid	72-18-4	6287	CHEBI:16414	Metabolite	17122130	Rattus norvegicus	Sprague Dawley-Albino	Female	0.12	Lens- Anterior	One eye	Tissue	UVB-radiation		7500	In vivo	No irradiation	168	Metabolomics	1D-NMR	Down	transparent eye structure	UBERON_0005389	Uberon Ontology	
65	Phenylalanine	C00079	Phenylalanine	(S)-alpha-Amino-beta-phenylpropionic acid	63-91-2	6140	CHEBI:17295	Metabolite	17122130	Rattus norvegicus	Sprague Dawley-Albino	Female	0.12	Lens- Equator	One eye	Tissue	UVB-radiation		7500	In vivo	No irradiation	168	Metabolomics	1D-NMR	Down	transparent eye structure	UBERON_0005389	Uberon Ontology	
66	Hypo-taurine	C00519	Hypo-taurine	Hypotaurine;2-Aminoethanesulfinic acid	300-84-5	107812	CHEBI:16668	Metabolite	17122130	Rattus norvegicus	Sprague Dawley-Albino	Female	0.12	Lens- Equator	One eye	Tissue	UVB-radiation		7500	In vivo	No irradiation	168	Metabolomics	1D-NMR	Down	transparent eye structure	UBERON_0005389	Uberon Ontology	
67	Myo-inositol	C00137	Myo-inositol	D-myo-Inositol;1D-myo-Inositol;L-myo-Inositol;1L-myo-Inositol;meso-Inositol;Inositol;Dambose;Cyclohexitol;Meat sugar;Bios I	87-89-8	892	CHEBI:17268	Metabolite	17122130	Rattus norvegicus	Sprague Dawley-Albino	Female	0.12	Lens- Equator	One eye	Tissue	UVB-radiation		7500	In vivo	No irradiation	168	Metabolomics	1D-NMR	Down	transparent eye structure	UBERON_0005389	Uberon Ontology	
68	Phosphocholine	C00588	Phosphocholine	Choline phosphate;Phosphorylcholine;Phosphocholine;O-Phosphocholine	3616-04-4	1014	CHEBI:18132	Metabolite	17122130	Rattus norvegicus	Sprague Dawley-Albino	Female	0.12	Lens- Equator	One eye	Tissue	UVB-radiation		7500	In vivo	No irradiation	168	Metabolomics	1D-NMR	Down	transparent eye structure	UBERON_0005389	Uberon Ontology	
69	Tyrosine	C00082	Tyrosine	L-Tyrosine;(S)-3-(p-Hydroxyphenyl)alanine;(S)-2-Amino-3-(p-hydroxyphenyl)propionic acid	60-18-4	6057	CHEBI:17895	Metabolite	17122130	Rattus norvegicus	Sprague Dawley-Albino	Female	0.12	Lens- Equator	One eye	Tissue	UVB-radiation		7500	In vivo	No irradiation	168	Metabolomics	1D-NMR	Down	transparent eye structure	UBERON_0005389	Uberon Ontology	
70	Succinate	C00042	Succinate	Succinic acid;Butanedionic acid;Ethylenesuccinic acid	110-15-6	1110	CHEBI:15741	Metabolite	17122130	Rattus norvegicus	Sprague Dawley-Albino	Female	0.12	Lens- Equator	One eye	Tissue	UVB-radiation		7500	In vivo	No irradiation	168	Metabolomics	1D-NMR	Down	transparent eye structure	UBERON_0005389	Uberon Ontology	
71	Isoleucine	C00407	Isoleucine	L-Isoleucine;2-Amino-3-methylvaleric acid	73-32-5	6306	CHEBI:17191	Metabolite	17122130	Rattus norvegicus	Sprague Dawley-Albino	Female	0.12	Lens- Equator	One eye	Tissue	UVB-radiation		7500	In vivo	No irradiation	168	Metabolomics	1D-NMR	Down	transparent eye structure	UBERON_0005389	Uberon Ontology	
72	Valine	C00183	Valine	L-Valine;2-Amino-3-methylbutyric acid	72-18-4	6287	CHEBI:16414	Metabolite	17122130	Rattus norvegicus	Sprague Dawley-Albino	Female	0.12	Lens- Equator	One eye	Tissue	UVB-radiation		7500	In vivo	No irradiation	168	Metabolomics	1D-NMR	Down	transparent eye structure	UBERON_0005389	Uberon Ontology	
73	Taurine	C00245	Taurine	2-Aminoethanesulfonic acid;Aminoethylsulfonic acid	107-35-7	1123	CHEBI:15891	Metabolite	17122130	Rattus norvegicus	Sprague Dawley-Albino	Female	0.12	Lens- Equator	One eye	Tissue	UVB-radiation		7500	In vivo	No irradiation	168	Metabolomics	1D-NMR	Down	transparent eye structure	UBERON_0005389	Uberon Ontology	
74	Alanine	C00041	Alanine	L-Alanine;L-2-Aminopropionic acid;L-alpha-Alanine	56-41-7	5950	CHEBI:16977	Metabolite	17122130	Rattus norvegicus	Sprague Dawley-Albino	Female	0.12	Lens- Nucleus	One eye	Tissue	UVB-radiation		7500	In vivo	No irradiation	168	Metabolomics	1D-NMR	Up	transparent eye structure	UBERON_0005389	Uberon Ontology	
75	Taurine	C00245	Taurine	2-Aminoethanesulfonic acid;Aminoethylsulfonic acid	107-35-7	1123	CHEBI:15891	Metabolite	17122130	Rattus norvegicus	Sprague Dawley-Albino	Female	0.12	Lens- Nucleus	One eye	Tissue	UVB-radiation		7500	In vivo	No irradiation	168	Metabolomics	1D-NMR	Down	transparent eye structure	UBERON_0005389	Uberon Ontology	
76	Myo-inositol	C00137	Myo-inositol	D-myo-Inositol;1D-myo-Inositol;L-myo-Inositol;1L-myo-Inositol;meso-Inositol;Inositol;Dambose;Cyclohexitol;Meat sugar;Bios I	87-89-8	892	CHEBI:17268	Metabolite	17122130	Rattus norvegicus	Sprague Dawley-Albino	Female	0.12	Lens- Nucleus	One eye	Tissue	UVB-radiation		7500	In vivo	No irradiation	168	Metabolomics	1D-NMR	Down	transparent eye structure	UBERON_0005389	Uberon Ontology	
77	Isoleucine	C00407	Isoleucine	L-Isoleucine;2-Amino-3-methylvaleric acid	73-32-5	6306	CHEBI:17191	Metabolite	17122130	Rattus norvegicus	Sprague Dawley-Albino	Female	0.12	Lens- Nucleus	One eye	Tissue	UVB-radiation		7500	In vivo	No irradiation	168	Metabolomics	1D-NMR	Down	transparent eye structure	UBERON_0005389	Uberon Ontology	
78	Hypo-taurine	C00519	Hypo-taurine	Hypotaurine;2-Aminoethanesulfinic acid	300-84-5	107812	CHEBI:16668	Metabolite	17122130	Rattus norvegicus	Sprague Dawley-Albino	Female	0.12	Lens- Nucleus	One eye	Tissue	UVB-radiation		7500	In vivo	No irradiation	168	Metabolomics	1D-NMR	Down	transparent eye structure	UBERON_0005389	Uberon Ontology	
79	Phenylalanine	C00079	Phenylalanine	(S)-alpha-Amino-beta-phenylpropionic acid	63-91-2	6140	CHEBI:17295	Metabolite	17122130	Rattus norvegicus	Sprague Dawley-Albino	Female	0.12	Lens- Nucleus	One eye	Tissue	UVB-radiation		7500	In vivo	No irradiation	168	Metabolomics	1D-NMR	Down	transparent eye structure	UBERON_0005389	Uberon Ontology	
80	Lactate	C00186	Lactate	(S)-Lactate;L-Lactate;L-Lactic acid	79-33-4	107689	CHEBI:422	Metabolite	17122130	Rattus norvegicus	Sprague Dawley-Albino	Female	0.12	Lens- Nucleus	One eye	Tissue	UVB-radiation		7500	In vivo	No irradiation	168	Metabolomics	1D-NMR	Up	transparent eye structure	UBERON_0005389	Uberon Ontology	
81	Phosphocholine	C00588	Phosphocholine	Choline phosphate;Phosphorylcholine;Phosphocholine;O-Phosphocholine	3616-04-4	1014	CHEBI:18132	Metabolite	17122130	Rattus norvegicus	Sprague Dawley-Albino	Female	0.12	Lens- Nucleus	One eye	Tissue	UVB-radiation		7500	In vivo	No irradiation	168	Metabolomics	1D-NMR	Down	transparent eye structure	UBERON_0005389	Uberon Ontology	
82	Tyrosine	C00082	Tyrosine	L-Tyrosine;(S)-3-(p-Hydroxyphenyl)alanine;(S)-2-Amino-3-(p-hydroxyphenyl)propionic acid	60-18-4	6057	CHEBI:17895	Metabolite	17122130	Rattus norvegicus	Sprague Dawley-Albino	Female	0.12	Lens- Nucleus	One eye	Tissue	UVB-radiation		7500	In vivo	No irradiation	168	Metabolomics	1D-NMR	Down	transparent eye structure	UBERON_0005389	Uberon Ontology	
83	Valine	C00183	Valine	L-Valine;2-Amino-3-methylbutyric acid	72-18-4	6287	CHEBI:16414	Metabolite	17122130	Rattus norvegicus	Sprague Dawley-Albino	Female	0.12	Lens- Nucleus	One eye	Tissue	UVB-radiation		7500	In vivo	No irradiation	168	Metabolomics	1D-NMR	Down	transparent eye structure	UBERON_0005389	Uberon Ontology	
84	Taurine	C00245	Taurine	2-Aminoethanesulfonic acid;Aminoethylsulfonic acid	107-35-7	1123	CHEBI:15891	Metabolite	17122130	Rattus norvegicus	Sprague Dawley-Albino	Female	0.12	Lens- Posterior	One eye	Tissue	UVB-radiation		7500	In vivo	No irradiation	168	Metabolomics	1D-NMR	Down	transparent eye structure	UBERON_0005389	Uberon Ontology	
85	Phenylalanine	C00079	Phenylalanine	(S)-alpha-Amino-beta-phenylpropionic acid	63-91-2	6140	CHEBI:17295	Metabolite	17122130	Rattus norvegicus	Sprague Dawley-Albino	Female	0.12	Lens- Posterior	One eye	Tissue	UVB-radiation		7500	In vivo	No irradiation	168	Metabolomics	1D-NMR	Down	transparent eye structure	UBERON_0005389	Uberon Ontology	
86	Hypo-taurine	C00519	Hypo-taurine	Hypotaurine;2-Aminoethanesulfinic acid	300-84-5	107812	CHEBI:16668	Metabolite	17122130	Rattus norvegicus	Sprague Dawley-Albino	Female	0.12	Lens- Posterior	One eye	Tissue	UVB-radiation		7500	In vivo	No irradiation	168	Metabolomics	1D-NMR	Down	transparent eye structure	UBERON_0005389	Uberon Ontology	
87	Valine	C00183	Valine	L-Valine;2-Amino-3-methylbutyric acid	72-18-4	6287	CHEBI:16414	Metabolite	17122130	Rattus norvegicus	Sprague Dawley-Albino	Female	0.12	Lens- Posterior	One eye	Tissue	UVB-radiation		7500	In vivo	No irradiation	168	Metabolomics	1D-NMR	Down	transparent eye structure	UBERON_0005389	Uberon Ontology	
88	Tyrosine	C00082	Tyrosine	L-Tyrosine;(S)-3-(p-Hydroxyphenyl)alanine;(S)-2-Amino-3-(p-hydroxyphenyl)propionic acid	60-18-4	6057	CHEBI:17895	Metabolite	17122130	Rattus norvegicus	Sprague Dawley-Albino	Female	0.12	Lens- Posterior	One eye	Tissue	UVB-radiation		7500	In vivo	No irradiation	168	Metabolomics	1D-NMR	Down	transparent eye structure	UBERON_0005389	Uberon Ontology	
89	Phosphocholine	C00588	Phosphocholine	Choline phosphate;Phosphorylcholine;Phosphocholine;O-Phosphocholine	3616-04-4	1014	CHEBI:18132	Metabolite	17122130	Rattus norvegicus	Sprague Dawley-Albino	Female	0.12	Lens- Posterior	One eye	Tissue	UVB-radiation		7500	In vivo	No irradiation	168	Metabolomics	1D-NMR	Down	transparent eye structure	UBERON_0005389	Uberon Ontology	
90	Formate	C00058	Formate	Methanoic acid;Formic acid	71-47-6	283	CHEBI:15740	Metabolite	17122130	Rattus norvegicus	Sprague Dawley-Albino	Female	0.12	Lens- Posterior	One eye	Tissue	UVB-radiation		7500	In vivo	No irradiation	168	Metabolomics	1D-NMR	Up	transparent eye structure	UBERON_0005389	Uberon Ontology	
91	Myo-inositol	C00137	Myo-inositol	D-myo-Inositol;1D-myo-Inositol;L-myo-Inositol;1L-myo-Inositol;meso-Inositol;Inositol;Dambose;Cyclohexitol;Meat sugar;Bios I	87-89-8	892	CHEBI:17268	Metabolite	17122130	Rattus norvegicus	Sprague Dawley-Albino	Female	0.12	Lens- Posterior	One eye	Tissue	UVB-radiation		7500	In vivo	No irradiation	168	Metabolomics	1D-NMR	Down	transparent eye structure	UBERON_0005389	Uberon Ontology	
92	Isoleucine	C00407	Isoleucine	L-Isoleucine;2-Amino-3-methylvaleric acid	73-32-5	6306	CHEBI:17191	Metabolite	17122130	Rattus norvegicus	Sprague Dawley-Albino	Female	0.12	Lens- Posterior	One eye	Tissue	UVB-radiation		7500	In vivo	No irradiation	168	Metabolomics	1D-NMR	Down	transparent eye structure	UBERON_0005389	Uberon Ontology	
93	Glutathione	C00051	Glutathione	5-L-Glutamyl-L-cysteinylglycine;N-(N-gamma-L-Glutamyl-L-cysteinyl)glycine;gamma-L-Glutamyl-L-cysteinyl-glycine;GSH;Reduced glutathione	70-18-8	124886	CHEBI:16856	Metabolite	9608682	Rattus norvegicus	Wistar-Albino	Female		Liver	Abdominal irradiation	Tissue	UVA-radiation		700000	In vivo	No irradiation	6	Metabolomics	M.E. Anderson method	Down	liver	UBERON_0002107	Uberon Ontology	
94	Malondialdehyde	C19440	Malonaldehyde	Malondialdehyde	542-78-9	10964	CHEBI:566274	Metabolite	9608682	Rattus norvegicus	Wistar-Albino	Female		Liver	Abdominal irradiation	Tissue	UVA-radiation		700000	In vivo	No irradiation	6	Metabolomics	TBARS assay	Up	liver	UBERON_0002107	Uberon Ontology	
95	8-hydroxy-deguanosin		8-hydroxydeoxyguanosine		88847-89-6	135440064	CHEBI:40304	Metabolite	19158839	Homo sapiens		Female		Matrix keratinocytes	Normal human anagen VI hair follicles	Cell	UVB-radiation		200	In vitro	No irradiation	120	Metabolomics	Immunohistochemistry	Up	keratinocyte	CL_0000312	Cell Ontology	
96	Melanin	C05606	Melanin		8049-97-6	6325610	CHEBI:89634	Metabolite	19158839	Homo sapiens		Female		Matrix keratinocytes	Normal human anagen VI hair follicles	Cell	UVB-radiation		200	In vitro	No irradiation	216	Metabolomics	Immunohistochemistry	Down	keratinocyte	CL_0000312	Cell Ontology	
97	Melanin	C05606	Melanin		8049-97-6	6325610	CHEBI:89634	Metabolite	19158839	Homo sapiens		Female		Matrix keratinocytes	Normal human anagen VI hair follicles	Cell	UVB-radiation		500	In vitro	No irradiation	216	Metabolomics	Immunohistochemistry	Down	keratinocyte	CL_0000312	Cell Ontology	
98	Nitrite	C00088	Nitrite		14797-65-0	946	CHEBI:16301	Metabolite	11099109	Mus musculus				Pam 212 murine keratinocytes	Pam 212 murine keratinocytes	Cell	UVB-radiation	0.00037	20	In vitro	No irradiation	6	Metabolomics	Fluorometric assay	Up	keratinocyte	CL_0000312	Cell Ontology	
99	Nitrite	C00088	Nitrite		14797-65-0	946	CHEBI:16301	Metabolite	11099109	Mus musculus				Pam 212 murine keratinocytes	Pam 212 murine keratinocytes	Cell	UVB-radiation	0.00037	20	In vitro	No irradiation	12	Metabolomics	Fluorometric assay	Up	keratinocyte	CL_0000312	Cell Ontology	
100	Nitrite	C00088	Nitrite		14797-65-0	946	CHEBI:16301	Metabolite	11099109	Mus musculus				Pam 212 murine keratinocytes	Pam 212 murine keratinocytes	Cell	UVB-radiation	0.00037	20	In vitro	No irradiation	24	Metabolomics	Fluorometric assay	Up	keratinocyte	CL_0000312	Cell Ontology	
101	Nitrite	C00088	Nitrite		14797-65-0	946	CHEBI:16301	Metabolite	11099109	Mus musculus				Pam 212 murine keratinocytes	Pam 212 murine keratinocytes	Cell	UVB-radiation	0.00037	20	In vitro	No irradiation	48	Metabolomics	Fluorometric assay	Up	keratinocyte	CL_0000312	Cell Ontology	
102	Nitrite	C00088	Nitrite		14797-65-0	946	CHEBI:16301	Metabolite	11099109	Mus musculus				Pam 212 murine keratinocytes	Pam 212 murine keratinocytes	Cell	UVB-radiation	0.00037	50	In vitro	No irradiation	6	Metabolomics	Fluorometric assay	Up	keratinocyte	CL_0000312	Cell Ontology	
103	Nitrite	C00088	Nitrite		14797-65-0	946	CHEBI:16301	Metabolite	11099109	Mus musculus				Pam 212 murine keratinocytes	Pam 212 murine keratinocytes	Cell	UVB-radiation	0.00037	50	In vitro	No irradiation	12	Metabolomics	Fluorometric assay	Up	keratinocyte	CL_0000312	Cell Ontology	
104	Nitrite	C00088	Nitrite		14797-65-0	946	CHEBI:16301	Metabolite	11099109	Mus musculus				Pam 212 murine keratinocytes	Pam 212 murine keratinocytes	Cell	UVB-radiation	0.00037	50	In vitro	No irradiation	24	Metabolomics	Fluorometric assay	Up	keratinocyte	CL_0000312	Cell Ontology	
105	Nitrite	C00088	Nitrite		14797-65-0	946	CHEBI:16301	Metabolite	11099109	Mus musculus				Pam 212 murine keratinocytes	Pam 212 murine keratinocytes	Cell	UVB-radiation	0.00037	50	In vitro	No irradiation	48	Metabolomics	Fluorometric assay	Up	keratinocyte	CL_0000312	Cell Ontology	
106	ADP	C00008	Adenosine 5'-diphosphate	ADP	58-64-0	6022	CHEBI:16761	Metabolite	8094905	Homo sapiens	Healthy		Adult	Platelets	Platelets	Cell	UVB-radiation		100000	Ex vivo	No irradiation	96	Metabolomics	Platelet metabolism assays	Down	platelet	CL_0000233	Cell Ontology	
107	Ammonia	C00014	Ammonia	NH3	7664-41-7	222	CHEBI:16134	Metabolite	8094905	Homo sapiens	Healthy		Adult	Platelets	Platelets	Cell	UVB-radiation		100000	Ex vivo	No irradiation	96	Metabolomics	Platelet metabolism assays	Up	platelet	CL_0000233	Cell Ontology	
108	ATP	C00002	ATP	Adenosine 5'-triphosphate	56-65-5	5957	CHEBI:15422	Metabolite	8094905	Homo sapiens	Healthy		Adult	Platelets	Platelets	Cell	UVB-radiation		100000	Ex vivo	No irradiation	96	Metabolomics	Platelet metabolism assays	Down	platelet	CL_0000233	Cell Ontology	
109	Bicarbonate	C00288	Bicarbonate	HCO3-;Hydrogencarbonate;Bicarbonate;Hydrogen carbonate;Acid carbonate	71-52-3	769	CHEBI:17544	Metabolite	8094905	Homo sapiens	Healthy		Adult	Platelets	Platelets	Cell	UVB-radiation		100000	Ex vivo	No irradiation	96	Metabolomics	Platelet metabolism assays	Down	platelet	CL_0000233	Cell Ontology	
110	Glucose	C00031	Glucose	D-Glucose;Grape sugar;Dextrose;Glucose;D-Glucopyranose	2280-44-6;50-99-7	5793	CHEBI:4167	Metabolite	8094905	Homo sapiens	Healthy		Adult	Platelets	Platelets	Cell	UVB-radiation		100000	Ex vivo	No irradiation	96	Metabolomics	Platelet metabolism assays	Down	platelet	CL_0000233	Cell Ontology	
111	Glutamate	C00025	Glutamate	L-Glutamate;L-Glutamic acid;L-Glutaminic acid	56-86-0	33032	CHEBI:16015	Metabolite	8094905	Homo sapiens	Healthy		Adult	Platelets	Platelets	Cell	UVB-radiation		100000	Ex vivo	No irradiation	96	Metabolomics	Platelet metabolism assays	Up	platelet	CL_0000233	Cell Ontology	
112	Glutamine	C00064	Glutamine	L-Glutamine;L-2-Aminoglutaramic acid	56-85-9	5961	CHEBI:18050	Metabolite	8094905	Homo sapiens	Healthy		Adult	Platelets	Platelets	Cell	UVB-radiation		100000	Ex vivo	No irradiation	96	Metabolomics	Platelet metabolism assays	Down	platelet	CL_0000233	Cell Ontology	
113	Hypoxanthine	C00262	Hypoxanthine	Purine-6-ol	68-94-0	135398638	CHEBI:17368	Metabolite	8094905	Homo sapiens	Healthy		Adult	Platelets	Platelets	Cell	UVB-radiation		100000	Ex vivo	No irradiation	96	Metabolomics	Platelet metabolism assays	Up	platelet	CL_0000233	Cell Ontology	
114	Lactate	C00186	Lactate	(S)-Lactate;L-Lactate;L-Lactic acid	79-33-4	107689	CHEBI:422	Metabolite	8094905	Homo sapiens	Healthy		Adult	Platelets	Platelets	Cell	UVB-radiation		100000	Ex vivo	No irradiation	96	Metabolomics	Platelet metabolism assays	Up	platelet	CL_0000233	Cell Ontology	
115	MDA	C19440	Malonaldehyde	Malondialdehyde	542-78-9	10964	CHEBI:566274	Metabolite	18389730	Rattus norvegicus	Wistar	Male	0.12-0.13	Testis homogenates	Testis homogenates	Tissue	UVA-radiation	500		In vitro	No irradiation	4	Metabolomics	Method of Ohkawa et al	Up	testis	UBERON_0000473	Uberon Ontology	
116	MDA	C19440	Malonaldehyde	Malondialdehyde	542-78-9	10964	CHEBI:566274	Metabolite	18389730	Rattus norvegicus	Wistar	Male	0.12-0.13	Testis homogenates	Testis homogenates	Tissue	UVA-radiation	500		In vitro	No irradiation	5	Metabolomics	Method of Ohkawa et al	Up	testis	UBERON_0000473	Uberon Ontology	
117	MDA	C19440	Malonaldehyde	Malondialdehyde	542-78-9	10964	CHEBI:566274	Metabolite	18389730	Rattus norvegicus	Wistar	Male	0.12-0.13	Testis homogenates	Testis homogenates	Tissue	UVA-radiation	500		In vitro	No irradiation	6	Metabolomics	Method of Ohkawa et al	Up	testis	UBERON_0000473	Uberon Ontology	
118	MDA	C19440	Malonaldehyde	Malondialdehyde	542-78-9	10964	CHEBI:566274	Metabolite	18389730	Rattus norvegicus	Wistar	Male	0.12-0.13	Testis homogenates	Testis homogenates	Tissue	UVA-radiation	500		In vitro	No irradiation	7	Metabolomics	Method of Ohkawa et al	Up	testis	UBERON_0000473	Uberon Ontology	
119	NO	C00533	Nitric oxide	NO;Nitrogen monoxide	10102-43-9	145068	CHEBI:16480	Metabolite	24296267	Homo sapiens				HaCaT		Cell	UVA-radiation		80000	in vitro	No irradiation	1	Metabolomics	ESR	Up	keratinocyte	CL_0000312	Cell Ontology	
120	NO	C00533	Nitric oxide	NO;Nitrogen monoxide	10102-43-9	145068	CHEBI:16480	Metabolite	24296267	Homo sapiens				HaCaT		Cell	UVA-radiation		80000	in vitro	No irradiation	3	Metabolomics	ESR	Up	keratinocyte	CL_0000312	Cell Ontology	
121	NO	C00533	Nitric oxide	NO;Nitrogen monoxide	10102-43-9	145068	CHEBI:16480	Metabolite	24296267	Homo sapiens				HaCaT		Cell	UVA-radiation		80000	in vitro	No irradiation	6	Metabolomics	ESR	Up	keratinocyte	CL_0000312	Cell Ontology	
122	NO	C00533	Nitric oxide	NO;Nitrogen monoxide	10102-43-9	145068	CHEBI:16480	Metabolite	24296267	Homo sapiens				HaCaT		Cell	UVA-radiation		80000	in vitro	No irradiation	12	Metabolomics	ESR	Up	keratinocyte	CL_0000312	Cell Ontology	
123	NO	C00533	Nitric oxide	NO;Nitrogen monoxide	10102-43-9	145068	CHEBI:16480	Metabolite	24296267	Homo sapiens				HaCaT		Cell	UVA-radiation		80000	in vitro	No irradiation	18	Metabolomics	ESR	Up	keratinocyte	CL_0000312	Cell Ontology	
124	NO	C00533	Nitric oxide	NO;Nitrogen monoxide	10102-43-9	145068	CHEBI:16480	Metabolite	24296267	Homo sapiens				HaCaT		Cell	UVA-radiation		80000	in vitro	No irradiation	24	Metabolomics	ESR	Up	keratinocyte	CL_0000312	Cell Ontology	
125	MDA	C19440	Malonaldehyde	Malondialdehyde	542-78-9	10964	CHEBI:566274	Metabolite	30865373	Homo sapiens				HaCaT		Cell	UVB-radiation		300	in vitro	No irradiation	24	Metabolomics		Up	keratinocyte	CL_0000312	Cell Ontology	
126	8-isoprostane	C13809	9,11,15-Trihydroxy-prosta-5,13-dien-1-oic acid	8-Isoprostaglandin F2alpha;8-Isoprostane;8-epi-Prostaglandin F2alpha	27415-26-5	5282263	CHEBI:34505	Metabolite	30934595	Homo sapiens				HaCaT		Cell	UVB-radiation		300	in vitro	No irradiation		Metabolomics	Confocal microscopy	Up	keratinocyte	CL_0000312	Cell Ontology	
127	Hyaluronic acid	C00518	Hyaluronate	Hyaluronic acid;Hyaluro;[beta-N-Acetyl-D-glucosaminyl(1,4)beta-D-glucuronosyl(1,3)]n	9004-61-9	3084049	CHEBI:16336	Metabolite	31009737	Mus musculus	BALB/c	Male			Skin	Tissue	(UVA+UVB)-radiation		38000	in vivo	No irradiation		Metabolomics	ELISA	Down	skin of body	UBERON_0002097	Uberon Ontology	
128	GSH	C00051	Glutathione	5-L-Glutamyl-L-cysteinylglycine;N-(N-gamma-L-Glutamyl-L-cysteinyl)glycine;gamma-L-Glutamyl-L-cysteinyl-glycine;GSH;Reduced glutathione	70-18-8	124886	CHEBI:16856	Metabolite	31009737	Mus musculus	BALB/c	Male			Skin	Tissue	(UVA+UVB)-radiation		38000	in vivo	No irradiation		Metabolomics		Down	skin of body	UBERON_0002097	Uberon Ontology	
129	MDA	C19440	Malonaldehyde	Malondialdehyde	542-78-9	10964	CHEBI:566274	Metabolite	31009737	Mus musculus	BALB/c	Male			Skin	Tissue	(UVA+UVB)-radiation		38000	in vivo	No irradiation		Metabolomics		Up	skin of body	UBERON_0002097	Uberon Ontology	
130	ATP	C00002	ATP	Adenosine 5'-triphosphate	56-65-5	5957	CHEBI:15422	Metabolite	31012327	Mus musculus	C57BL/6	Female	0.15	Epidermal stem cell (ESC)	Skin	Cell	UVB-radiation		500	in vitro	No irradiation		Metabolomics	Bioluminescence assay	Down	stem cell of epidermis	CL_1000428	Cell Ontology	
131	Hyaluronic acid	C00518	Hyaluronate	Hyaluronic acid;Hyaluro;[beta-N-Acetyl-D-glucosaminyl(1,4)beta-D-glucuronosyl(1,3)]n	9004-61-9	3084049	CHEBI:16336	Metabolite	31017257	Homo sapiens				HaCaT cells		Cell	UVB-radiation		200	in vitro	No irradiation		Metabolomics	ELISA	Up	keratinocyte	CL_0000312	Cell Ontology	
132	Hyaluronic Acid	C00518	Hyaluronate	Hyaluronic acid;Hyaluro;[beta-N-Acetyl-D-glucosaminyl(1,4)beta-D-glucuronosyl(1,3)]n	9004-61-9	3084049	CHEBI:16336	Metabolite	31067277	Homo sapiens							UV radiation-General		5250	in vitro	No irradiation		Metabolomics	Spectrophotometry	Down				
133	Hyaluronic acid	C00518	Hyaluronate	Hyaluronic acid;Hyaluro;[beta-N-Acetyl-D-glucosaminyl(1,4)beta-D-glucuronosyl(1,3)]n	9004-61-9	3084049	CHEBI:16336	Metabolite	31474086	Mus musculus	SKH-1		0.1		Dorsal skin	Tissue	UVB-radiation			in vivo	No irradiation		Metabolomics	ELISA	Down	skin of back	UBERON_0001068	Uberon Ontology	
134	GSH	C00051	Glutathione	5-L-Glutamyl-L-cysteinylglycine;N-(N-gamma-L-Glutamyl-L-cysteinyl)glycine;gamma-L-Glutamyl-L-cysteinyl-glycine;GSH;Reduced glutathione	70-18-8	124886	CHEBI:16856	Metabolite	31614689	Mus musculus	SKH-1	Female	0.12	Serum	Skin	Tissue	UVB-radiation		15000	in vivo	No irradiation		Metabolomics	UV spectrophotometer	Down				
135	8-Isoprostane	C13809	9,11,15-Trihydroxy-prosta-5,13-dien-1-oic acid	8-Isoprostaglandin F2alpha;8-Isoprostane;8-epi-Prostaglandin F2alpha	27415-26-5	5282263	CHEBI:34505	Metabolite	31705899	Homo sapiens				Reconstructed 3D human corneal epithelial (3D-HCE) tissue		Tissue	UVB-radiation		600	in vitro	No irradiation	2	Metabolomics	8-Isoprostane competitive EIA (enzyme immuno assay) assay kit	Up	corneal epithelium	UBERON_0001772	Uberon Ontology	
136	8-Isoprostane	C13809	9,11,15-Trihydroxy-prosta-5,13-dien-1-oic acid	8-Isoprostaglandin F2alpha;8-Isoprostane;8-epi-Prostaglandin F2alpha	27415-26-5	5282263	CHEBI:34505	Metabolite	31705899	Homo sapiens				Reconstructed 3D human corneal epithelial (3D-HCE) tissue		Tissue	UVB-radiation		600	in vitro	No irradiation	24	Metabolomics	8-Isoprostane competitive EIA (enzyme immuno assay) assay kit	Up	corneal epithelium	UBERON_0001772	Uberon Ontology	
137	8-Isoprostane	C13809	9,11,15-Trihydroxy-prosta-5,13-dien-1-oic acid	8-Isoprostaglandin F2alpha;8-Isoprostane;8-epi-Prostaglandin F2alpha	27415-26-5	5282263	CHEBI:34505	Metabolite	31705899	Homo sapiens				Reconstructed 3D human corneal epithelial (3D-HCE) tissue		Tissue	UVB-radiation		1200	in vitro	No irradiation	2	Metabolomics	8-Isoprostane competitive EIA (enzyme immuno assay) assay kit	Up	corneal epithelium	UBERON_0001772	Uberon Ontology	
138	8-Isoprostane	C13809	9,11,15-Trihydroxy-prosta-5,13-dien-1-oic acid	8-Isoprostaglandin F2alpha;8-Isoprostane;8-epi-Prostaglandin F2alpha	27415-26-5	5282263	CHEBI:34505	Metabolite	31705899	Homo sapiens				Reconstructed 3D human corneal epithelial (3D-HCE) tissue		Tissue	UVB-radiation		1200	in vitro	No irradiation	24	Metabolomics	8-Isoprostane competitive EIA (enzyme immuno assay) assay kit	Up	corneal epithelium	UBERON_0001772	Uberon Ontology	
139	Hydrogen peroxide	C00027	Hydrogen peroxide	H2O2;Oxydol	7722-84-1	784	CHEBI:16240	Metabolite	31707352	Homo sapiens				HaCaT		Cell	UVB-radiation		200	in vitro	No irradiation		Metabolomics	Colorimetry	Up	keratinocyte	CL_0000312	Cell Ontology	
140	glutathione (GSH)	C00051	Glutathione	5-L-Glutamyl-L-cysteinylglycine;N-(N-gamma-L-Glutamyl-L-cysteinyl)glycine;gamma-L-Glutamyl-L-cysteinyl-glycine;GSH;Reduced glutathione	70-18-8	124886	CHEBI:16856	Metabolite	31737172	Homo sapiens			3-5	Reconstructed 3D Skin Model		Tissue	(UVA+UVB)-radiation		30900	in vitro	No irradiation	24	Metabolomics	ELISA	Down	skin of body	UBERON_0002097	Uberon Ontology	
141	malondialdehyde (MDA)	C19440	Malonaldehyde	Malondialdehyde	542-78-9	10964	CHEBI:566274	Metabolite	31737172	Homo sapiens			3-5	Reconstructed 3D Skin Model		Tissue	(UVA+UVB)-radiation		30900	in vitro	No irradiation	24	Metabolomics	ELISA	Up	skin of body	UBERON_0002097	Uberon Ontology	
142	MDA	C19440	Malonaldehyde	Malondialdehyde	542-78-9	10964	CHEBI:566274	Metabolite	31875691	Homo sapiens				Human corneal cell line (HCEC)		Cell	UVB-radiation		1440	in vitro	No irradiation		Metabolomics	MDA detection kit	Up	corneal epithelial cell	CL_0000575	Cell Ontology	
143	Glutathione (GSH)	C00051	Glutathione	5-L-Glutamyl-L-cysteinylglycine;N-(N-gamma-L-Glutamyl-L-cysteinyl)glycine;gamma-L-Glutamyl-L-cysteinyl-glycine;GSH;Reduced glutathione	70-18-8	124886	CHEBI:16856	Metabolite	32121131	Homo sapiens	Healthy	Both		keratinocyte	Skin	Cell	UVA-radiation	42	300000	in vitro	No irradiation		Metabolomics	capillary electrophoresis (CE)	Down	keratinocyte	CL_0000312	Cell Ontology	
144	vitamin A	C00473	Retinol	all-trans-Retinol;Vitamin A;Vitamin A1	11103-57-4;68-26-8	445354	CHEBI:17336	Metabolite	32121131	Homo sapiens	Healthy	Both		keratinocyte	Skin	Cell	UVA-radiation	42	300000	in vitro	No irradiation		Metabolomics	high-performance liquid chromatography (HPLC)	Down	keratinocyte	CL_0000312	Cell Ontology	
145	vitamin E	C02477	alpha-Tocopherol	Vitamin E	59-02-9	14985	CHEBI:18145	Metabolite	32121131	Homo sapiens	Healthy	Both		keratinocyte	Skin	Cell	UVA-radiation	42	300000	in vitro	No irradiation		Metabolomics	high-performance liquid chromatography (HPLC)	Down	keratinocyte	CL_0000312	Cell Ontology	
146	8-isoprostanes	C13809	9,11,15-Trihydroxy-prosta-5,13-dien-1-oic acid	8-Isoprostaglandin F2alpha;8-Isoprostane;8-epi-Prostaglandin F2alpha	27415-26-5	5282263	CHEBI:34505	Metabolite	32121131	Homo sapiens	Healthy	Both		keratinocyte	Skin	Cell	UVA-radiation	42	300000	in vitro	No irradiation		Metabolomics	ultra-performing liquid chromatography tandem mass spectrometry	Up	keratinocyte	CL_0000312	Cell Ontology	
147	Glutathione (GSH)	C00051	Glutathione	5-L-Glutamyl-L-cysteinylglycine;N-(N-gamma-L-Glutamyl-L-cysteinyl)glycine;gamma-L-Glutamyl-L-cysteinyl-glycine;GSH;Reduced glutathione	70-18-8	124886	CHEBI:16856	Metabolite	32121131	Homo sapiens	Healthy	Both		keratinocyte	Skin	Cell	UVB-radiation	40.8	600	in vitro	No irradiation		Metabolomics	capillary electrophoresis (CE)	Down	keratinocyte	CL_0000312	Cell Ontology	
148	vitamin A	C00473	Retinol	all-trans-Retinol;Vitamin A;Vitamin A1	11103-57-4;68-26-8	445354	CHEBI:17336	Metabolite	32121131	Homo sapiens	Healthy	Both		keratinocyte	Skin	Cell	UVB-radiation	40.8	600	in vitro	No irradiation		Metabolomics	high-performance liquid chromatography (HPLC)	Down	keratinocyte	CL_0000312	Cell Ontology	
149	vitamin E	C02477	alpha-Tocopherol	Vitamin E	59-02-9	14985	CHEBI:18145	Metabolite	32121131	Homo sapiens	Healthy	Both		keratinocyte	Skin	Cell	UVB-radiation	40.8	600	in vitro	No irradiation		Metabolomics	high-performance liquid chromatography (HPLC)	Down	keratinocyte	CL_0000312	Cell Ontology	
150	8-isoprostanes	C13809	9,11,15-Trihydroxy-prosta-5,13-dien-1-oic acid	8-Isoprostaglandin F2alpha;8-Isoprostane;8-epi-Prostaglandin F2alpha	27415-26-5	5282263	CHEBI:34505	Metabolite	32121131	Homo sapiens	Healthy	Both		keratinocyte	Skin	Cell	UVB-radiation	40.8	600	in vitro	No irradiation		Metabolomics	ultra-performing liquid chromatography tandem mass spectrometry	Up	keratinocyte	CL_0000312	Cell Ontology	
151	MDA	C19440	Malonaldehyde	Malondialdehyde	542-78-9	10964	CHEBI:566274	Metabolite	32312940	Homo sapiens	Healthy			Primary fibroblasts		Cell	UVB-radiation		2400	in vitro	No irradiation		Metabolomics	ELISA	Up	fibroblast of dermis	CL_0002551	Cell Ontology	
152	MDA	C19440	Malonaldehyde	Malondialdehyde	542-78-9	10964	CHEBI:566274	Metabolite	32312940	Rattus norvegicus	Sprague-Dawley				Skin	Tissue	UVB-radiation			in vivo	No irradiation		Metabolomics	ELISA	Up	skin of body	UBERON_0002097	Uberon Ontology	
153	MDA	C19440	Malonaldehyde	Malondialdehyde	542-78-9	10964	CHEBI:566274	Metabolite	32377697	Mus musculus	SKH-1	Female	0.12- 0.15		Skin	Tissue	UVB-radiation		15000	in vivo	No irradiation	24	Metabolomics	MDA assay kit	Up	skin of body	UBERON_0002097	Uberon Ontology	
154	GSH	C00051	Glutathione	5-L-Glutamyl-L-cysteinylglycine;N-(N-gamma-L-Glutamyl-L-cysteinyl)glycine;gamma-L-Glutamyl-L-cysteinyl-glycine;GSH;Reduced glutathione	70-18-8	124886	CHEBI:16856	Metabolite	32377697	Mus musculus	SKH-1	Female	0.12- 0.15		Skin	Tissue	UVB-radiation		15000	in vivo	No irradiation	24	Metabolomics	GSH assay kit	Down	skin of body	UBERON_0002097	Uberon Ontology	
155	MDA	C19440	Malonaldehyde	Malondialdehyde	542-78-9	10964	CHEBI:566274	Metabolite	32486363	Mus musculus	Kunming	Female	0.13- 0.15			Tissue	UVB-radiation		25600	in vivo	No irradiation		Metabolomics		Up	skin of body	UBERON_0002097	Uberon Ontology	
156	MDA	C19440	Malonaldehyde	Malondialdehyde	542-78-9	10964	CHEBI:566274	Metabolite	32499710	Homo sapiens		Male	20-25	Human dermal fibroblasts (HDFs)		Cell	UVA-radiation		225000	in vitro	No irradiation		Metabolomics	Lipid Peroxidation MDA assay kit	Up	fibroblast of dermis	CL_0002551	Cell Ontology	
157	Nitric oxide	C00533	Nitric oxide	NO;Nitrogen monoxide	10102-43-9	145068	CHEBI:16480	Metabolite	32610570	Homo sapiens				Human dermal fibroblast (HDF)	Skin	Cell	UVA-radiation		200000	in vitro	No irradiation		Metabolomics	Griess reaction Assay	Up	fibroblast of dermis	CL_0002551	Cell Ontology	
158	GSH	C00051	Glutathione	5-L-Glutamyl-L-cysteinylglycine;N-(N-gamma-L-Glutamyl-L-cysteinyl)glycine;gamma-L-Glutamyl-L-cysteinyl-glycine;GSH;Reduced glutathione	70-18-8	124886	CHEBI:16856	Metabolite	32617130	Homo sapiens				Human dermal fibroblast (HDF)	Skin	Cell	UVB-radiation	22	400	in vitro	No irradiation		Metabolomics		Down	fibroblast of dermis	CL_0002551	Cell Ontology	
159	MDA	C19440	Malonaldehyde	Malondialdehyde	542-78-9	10964	CHEBI:566274	Metabolite	32633336	Homo sapiens				Human corneal epithelial cell line (HCE)		Cell	UVB-radiation	0.2		in vitro	No irradiation		Metabolomics		Up	corneal epithelial cell	CL_0000575	Cell Ontology	
160	Melanin	C05606	Melanin		8049-97-6	6325610	CHEBI:89634	Metabolite	32658369	Homo sapiens				Primary human epidermal melanocytes (HEM)		Cell	UVA-radiation	100	25000	in vitro	No irradiation	6	Metabolomics	BCA Assay	Up	epidermal melanocyte	CL_2000000	Cell Ontology	
161	GSH	C00051	Glutathione	5-L-Glutamyl-L-cysteinylglycine;N-(N-gamma-L-Glutamyl-L-cysteinyl)glycine;gamma-L-Glutamyl-L-cysteinyl-glycine;GSH;Reduced glutathione	70-18-8	124886	CHEBI:16856	Metabolite	32745772	Homo sapiens				HaCaT		Cell	UVB-radiation		300	in vitro	No irradiation		Metabolomics	Western blot	Up	keratinocyte	CL_0000312	Cell Ontology	
162	Melanin	C05606	Melanin		8049-97-6	6325610	CHEBI:89634	Metabolite	32932917	Homo sapiens				Human epidermal primary melanocytes (HEMns)	Skin	Cell	UVB-radiation		400	in vitro	No irradiation		Metabolomics	Spectrophotometry	Up	epidermal melanocyte	CL_2000000	Cell Ontology	
163	Ca2+	C00076	Calcium cation	Ca2+;Calcium(2+);Calcium ion	14127-61-8;7440-70-2	271	CHEBI:22984;CHEBI:29108	Metabolite	33045215	Homo sapiens				Human lens epithelial cells (HLECs)		Cell	UVB-radiation	2		in vitro	No irradiation		Metabolomics	Flow cytometry	Up	lens epithelial cell	CL_0002224	Cell Ontology	
164	GSH	C00051	Glutathione	5-L-Glutamyl-L-cysteinylglycine;N-(N-gamma-L-Glutamyl-L-cysteinyl)glycine;gamma-L-Glutamyl-L-cysteinyl-glycine;GSH;Reduced glutathione	70-18-8	124886	CHEBI:16856	Metabolite	33161251	Mus musculus	Kunming	Female	0.12	Dorsal skin	Dorsal skin	Tissue	UVB-radiation			in vivo	No irradiation		Metabolomics		Up	skin of back	UBERON_0001068	Uberon Ontology	
165	GSH	C00051	Glutathione	5-L-Glutamyl-L-cysteinylglycine;N-(N-gamma-L-Glutamyl-L-cysteinyl)glycine;gamma-L-Glutamyl-L-cysteinyl-glycine;GSH;Reduced glutathione	70-18-8	124886	CHEBI:16856	Metabolite	33161251	Mus musculus	Kunming	Female	0.12	Serum	Dorsal skin	Tissue	UVB-radiation			in vivo	No irradiation		Metabolomics		Down				
166	Melanin	C05606	Melanin		8049-97-6	6325610	CHEBI:89634	Metabolite	33218008	Mus musculus	C57BL/6	Male			Ear	Tissue	UVB-radiation		24000	in vivo	No irradiation		Metabolomics		Up	skin of external ear	UBERON_0001459	Uberon Ontology	
167	Melanin	C05606	Melanin		8049-97-6	6325610	CHEBI:89634	Metabolite	33400324	Homo sapiens				Human epidermal melanocytes (HEMs)	Skin	Cell	UV radiation-General	300000	15000	in vitro	No irradiation	48	Metabolomics	Fontana-Masson staining	Up	epidermal melanocyte	CL_2000000	Cell Ontology	
168	Triglyceride	C00422	Triacylglycerol	Triglyceride	32765-69-8	5460048	CHEBI:17855	Metabolite	33499275	Homo sapiens	Healthy			NHEK	Foreskin	Cell	(UVA+UVB)-radiation		750	in vitro	No irradiation	24	Metabolomics	fluorescent enzymatic method	Down	keratinocyte	CL_0000312	Cell Ontology	
169	Hyaluro (HA)	C00518	Hyaluronate	Hyaluronic acid;Hyaluro;[beta-N-Acetyl-D-glucosaminyl(1,4)beta-D-glucuronosyl(1,3)]n	9004-61-9	3084049	CHEBI:16336	Metabolite	33669634	Homo sapiens				Human dermal fibroblasts (HDF cells)		Cell	UVA-radiation		50000	in vitro	No irradiation	48	Metabolomics	HA assay kit	Down	fibroblast of dermis	CL_0002551	Cell Ontology	
170	Hyaluro (HA)	C00518	Hyaluronate	Hyaluronic acid;Hyaluro;[beta-N-Acetyl-D-glucosaminyl(1,4)beta-D-glucuronosyl(1,3)]n	9004-61-9	3084049	CHEBI:16336	Metabolite	33669634	Homo sapiens				Human dermal fibroblasts (HDF cells)		Cell	UVA-radiation		50000	in vitro	No irradiation	72	Metabolomics	HA assay kit	Down	fibroblast of dermis	CL_0002551	Cell Ontology	
171	Hyaluro (HA)	C00518	Hyaluronate	Hyaluronic acid;Hyaluro;[beta-N-Acetyl-D-glucosaminyl(1,4)beta-D-glucuronosyl(1,3)]n	9004-61-9	3084049	CHEBI:16336	Metabolite	33669634	Homo sapiens				Human dermal fibroblasts (HDF cells)		Cell	UVA-radiation		100000	in vitro	No irradiation	48	Metabolomics	HA assay kit	Down	fibroblast of dermis	CL_0002551	Cell Ontology	
172	Hyaluro (HA)	C00518	Hyaluronate	Hyaluronic acid;Hyaluro;[beta-N-Acetyl-D-glucosaminyl(1,4)beta-D-glucuronosyl(1,3)]n	9004-61-9	3084049	CHEBI:16336	Metabolite	33669634	Homo sapiens				Human dermal fibroblasts (HDF cells)		Cell	UVA-radiation		100000	in vitro	No irradiation	72	Metabolomics	HA assay kit	Down	fibroblast of dermis	CL_0002551	Cell Ontology	
173	Melanin	C05606	Melanin		8049-97-6	6325610	CHEBI:89634	Metabolite	33804685	Homo sapiens				Normal human epidermal keratinocyte (NHEK)	Foreskin	Cell	UVB-radiation		200	in vitro	No irradiation		Metabolomics	UV-vis spectrometer	Up	keratinocyte	CL_0000312	Cell Ontology	
174	MDA	C19440	Malonaldehyde	Malondialdehyde	542-78-9	10964	CHEBI:566274	Metabolite	33841160	Mus musculus	Kunming	Female	0.13	Serum	Skin	Tissue	UVB-radiation		33600	in vivo	No irradiation		Metabolomics		Up				
175	NAD+	C00003	NAD+	NAD;Nicotinamide adenine dinucleotide;DPN;Diphosphopyridine nucleotide;Nadide;beta-NAD+	53-84-9	5892	CHEBI:15846	Metabolite	33841160	Mus musculus	Kunming	Female	0.13	Skin	Skin	Tissue	UVB-radiation		33600	in vivo	No irradiation		Metabolomics		Down	skin of body	UBERON_0002097	Uberon Ontology	
176	MDA	C19440	Malonaldehyde	Malondialdehyde	542-78-9	10964	CHEBI:566274	Metabolite	33894036	Homo sapiens				HaCaT		Cell	UVB-radiation		500	in vitro	No irradiation	24	Metabolomics	Colorimetry	Up	keratinocyte	CL_0000312	Cell Ontology	
177	MDA	C19440	Malonaldehyde	Malondialdehyde	542-78-9	10964	CHEBI:566274	Metabolite	33992625	Rattus norvegicus	Wistar-albino	Male	0.08-0.1		Cornea	Tissue	UVB-radiation	5.6		in vivo	No irradiation		Metabolomics	QuantiChrome TBARS Assay Kit	Up	cornea	UBERON_0000964	Uberon Ontology	
178	GSH	C00051	Glutathione	5-L-Glutamyl-L-cysteinylglycine;N-(N-gamma-L-Glutamyl-L-cysteinyl)glycine;gamma-L-Glutamyl-L-cysteinyl-glycine;GSH;Reduced glutathione	70-18-8	124886	CHEBI:16856	Metabolite	33992625	Rattus norvegicus	Wistar-albino	Male	0.08-0.1		Cornea	Tissue	UVB-radiation	5.6		in vivo	No irradiation		Metabolomics	QuantiChrom GSH Assay kit	Down	cornea	UBERON_0000964	Uberon Ontology	
179	Melanin	C05606	Melanin		8049-97-6	6325610	CHEBI:89634	Metabolite	34093030	Homo sapiens		Male		Human 3D skin models		Tissue	(UVA+UVB)-radiation		121000	in vitro	No irradiation	24	Metabolomics	Whartin Starry silver-plating kit	Up	skin of body	UBERON_0002097	Uberon Ontology	
180	MDA	C19440	Malonaldehyde	Malondialdehyde	542-78-9	10964	CHEBI:566274	Metabolite	34093030	Homo sapiens		Male		Human 3D skin models		Tissue	(UVA+UVB)-radiation		121000	in vitro	No irradiation	24	Metabolomics	Immunofluorescence staining	Up	skin of body	UBERON_0002097	Uberon Ontology	
181	NAD+	C00003	NAD+	NAD;Nicotinamide adenine dinucleotide;DPN;Diphosphopyridine nucleotide;Nadide;beta-NAD+	53-84-9	5892	CHEBI:15846	Metabolite	34130091	Homo sapiens				Neonatal foreskin-derived NHEKs		Cell	(UVA+UVB)-radiation	167.2	20270	in vitro	No irradiation	1	Metabolomics	NAD+/NADH Assay Kit-WST	Down	keratinocyte	CL_0000312	Cell Ontology	
182	NAD+	C00003	NAD+	NAD;Nicotinamide adenine dinucleotide;DPN;Diphosphopyridine nucleotide;Nadide;beta-NAD+	53-84-9	5892	CHEBI:15846	Metabolite	34130091	Homo sapiens				Neonatal foreskin-derived NHEKs		Cell	(UVA+UVB)-radiation	167.2	40540	in vitro	No irradiation	1	Metabolomics	NAD+/NADH Assay Kit-WST	Down	keratinocyte	CL_0000312	Cell Ontology	
183	NAD+	C00003	NAD+	NAD;Nicotinamide adenine dinucleotide;DPN;Diphosphopyridine nucleotide;Nadide;beta-NAD+	53-84-9	5892	CHEBI:15846	Metabolite	34130091	Homo sapiens				Neonatal foreskin-derived NHEKs		Cell	(UVA+UVB)-radiation	167.2	40540	in vitro	No irradiation	2	Metabolomics	NAD+/NADH Assay Kit-WST	Down	keratinocyte	CL_0000312	Cell Ontology	
184	NAD+	C00003	NAD+	NAD;Nicotinamide adenine dinucleotide;DPN;Diphosphopyridine nucleotide;Nadide;beta-NAD+	53-84-9	5892	CHEBI:15846	Metabolite	34130091	Homo sapiens				Neonatal foreskin-derived NHEKs		Cell	(UVA+UVB)-radiation	167.2	40540	in vitro	No irradiation	4	Metabolomics	NAD+/NADH Assay Kit-WST	Down	keratinocyte	CL_0000312	Cell Ontology	
185	ATP	C00002	ATP	Adenosine 5'-triphosphate	56-65-5	5957	CHEBI:15422	Metabolite	34130091	Homo sapiens				Neonatal foreskin-derived NHEKs		Cell	(UVA+UVB)-radiation	167.2	40540	in vitro	No irradiation	24	Metabolomics	ATP detection kit	Down	keratinocyte	CL_0000312	Cell Ontology	
186	MDA	C19440	Malonaldehyde	Malondialdehyde	542-78-9	10964	CHEBI:566274	Metabolite	34220502	Rattus norvegicus	Sprague-Dawley	Male	0.15		Dorsal skin	Tissue	UVB-radiation			in vivo	No irradiation		Metabolomics	Nanodrop spectrophotometry	Up	skin of body	UBERON_0002097	Uberon Ontology	
187	Magnesium	C00305	Magnesium cation	Mg2+;Magnesium(2+);Magnesium ion	22537-22-0;7439-95-4	888;5462224	CHEBI:18420;CHEBI:25107	Metabolite	34220502	Rattus norvegicus	Sprague-Dawley	Male	0.15	Serum	Dorsal skin	Tissue	UVB-radiation			in vivo	No irradiation		Metabolomics	Flame AAS	Down				
188	Iron	C00023	Iron		7439-89-6	23925	CHEBI:18248	Metabolite	34220502	Rattus norvegicus	Sprague-Dawley	Male	0.15	Serum	Dorsal skin	Tissue	UVB-radiation			in vivo	No irradiation		Metabolomics	Flame AAS	Down				
189	Zinc	C00038	Zinc cation	Zn2+;Zn(II);Zinc ion	7440-66-6;23713-49-7	23994;32051	CHEBI:27363;CHEBI:29105	Metabolite	34220502	Rattus norvegicus	Sprague-Dawley	Male	0.15	Serum	Dorsal skin	Tissue	UVB-radiation			in vivo	No irradiation		Metabolomics	Flame AAS	Down				
190	Copper	C00070	Copper		7440-50-8	23978	CHEBI:28694	Metabolite	34220502	Rattus norvegicus	Sprague-Dawley	Male	0.15	Serum	Dorsal skin	Tissue	UVB-radiation			in vivo	No irradiation		Metabolomics	Flame AAS	Down				
191	Silicon	C06263	Silicon		7440-21-3	5461123	CHEBI:27573	Metabolite	34220502	Rattus norvegicus	Sprague-Dawley	Male	0.15	Serum	Dorsal skin	Tissue	UVB-radiation			in vivo	No irradiation		Metabolomics	Flame AAS	Down				
192	Biotin	C00120	Biotin	D-Biotin;Vitamin H;Coenzyme R	58-85-5	171548	CHEBI:15956	Metabolite	34220502	Rattus norvegicus	Sprague-Dawley	Male	0.15		Dorsal skin	Tissue	UVB-radiation			in vivo	No irradiation		Metabolomics		Down	skin of body	UBERON_0002097	Uberon Ontology	
193	Arginine	C02385	Amino acid(Arg-)	Arginine;2-Amino-5-guanidinovaleric acid	74-79-3	6322	CHEBI:29016	Metabolite	34220502	Rattus norvegicus	Sprague-Dawley	Male	0.15		Dorsal skin	Tissue	UVB-radiation			in vivo	No irradiation		Metabolomics		Down	skin of body	UBERON_0002097	Uberon Ontology	
194	MDA	C19440	Malonaldehyde	Malondialdehyde	542-78-9	10964	CHEBI:566274	Metabolite	34311535	Mus musculus	Swiss Albino	Female			Dorsal skin	Tissue	UV radiation-General		18000	in vivo	No irradiation		Metabolomics	Colorimetry	Up	skin of body	UBERON_0002097	Uberon Ontology	
195	GSH	C00051	Glutathione	5-L-Glutamyl-L-cysteinylglycine;N-(N-gamma-L-Glutamyl-L-cysteinyl)glycine;gamma-L-Glutamyl-L-cysteinyl-glycine;GSH;Reduced glutathione	70-18-8	124886	CHEBI:16856	Metabolite	34474393	Homo sapiens				Human lens epithelial cells (HLE-B3)		Cell	UVB-radiation		630	in vitro	No irradiation		Metabolomics		Down	lens epithelial cell	CL_0002224	Cell Ontology	
196	H2O2	C00027	Hydrogen peroxide	H2O2;Oxydol	7722-84-1	784	CHEBI:16240	Metabolite	34675595	Mus musculus	ICR	Female	0.13	Skin	Skin	Tissue	UVB-radiation	1200	3024000	in vivo	No irradiation		Metabolomics		Up	skin of body	UBERON_0002097	Uberon Ontology	
197	H2O2	C00027	Hydrogen peroxide	H2O2;Oxydol	7722-84-1	784	CHEBI:16240	Metabolite	34675595	Mus musculus	ICR	Female	0.13	Serum	Skin	Tissue	UVB-radiation	1200	3024000	in vivo	No irradiation		Metabolomics		Up				
198	MDA	C19440	Malonaldehyde	Malondialdehyde	542-78-9	10964	CHEBI:566274	Metabolite	34925534	Mus musculus	ICR	Female	0.12- 0.15		Skin	Tissue	(UVA+UVB)-radiation		135000	in vivo	No irradiation		Metabolomics		Up	skin of body	UBERON_0002097	Uberon Ontology	
199	Melanin	C05606	Melanin		8049-97-6	6325610	CHEBI:89634	Metabolite	34925534	Mus musculus	ICR	Female	0.12- 0.15		Skin	Tissue	(UVA+UVB)-radiation		135000	in vivo	No irradiation		Metabolomics	NaOH Dissolution Method	Up	skin of body	UBERON_0002097	Uberon Ontology	
200	Melanin	C05606	Melanin		8049-97-6	6325610	CHEBI:89634	Metabolite	34946730	Mus musculus	HRM-2	Male	0.12		Skin	Tissue	UVB-radiation		44000	in vivo	No irradiation		Metabolomics	Fontana-Masson staining	Up	skin of body	UBERON_0002097	Uberon Ontology	
201	Sphingosine-1-phosphate	C06124	Sphingosine 1-phosphate	Sphing-4-enine 1-phosphate;S1P	26993-30-6	5283560	CHEBI:37550	Metabolite	34998560	Mus musculus	Skh: HR-a	Male	0.15	Skin		Tissue	UVB-radiation		51750	in vivo	No irradiation		Metabolomics	HPLC	Up	skin of body	UBERON_0002097	Uberon Ontology	
202	GSSH	C00127	Glutathione disulfide	GSSG;Oxiglutatione;Oxidized glutathione	27025-41-8	65359	CHEBI:167606;CHEBI:17858	Metabolite	35028009	Homo sapiens				HaCaT		Cell	UVB-radiation		500	in vitro	No irradiation		Metabolomics		Down	keratinocyte	CL_0000312	Cell Ontology	
203	GSH	C00051	Glutathione	5-L-Glutamyl-L-cysteinylglycine;N-(N-gamma-L-Glutamyl-L-cysteinyl)glycine;gamma-L-Glutamyl-L-cysteinyl-glycine;GSH;Reduced glutathione	70-18-8	124886	CHEBI:16856	Metabolite	35039875	Homo sapiens				HLE B3 cells (human lens epithelial B3)		Cell	UVB-radiation	2.5	300	in vitro	No irradiation	24	Metabolomics		Down	lens epithelial cell	CL_0002224	Cell Ontology	
204	H2O2	C00027	Hydrogen peroxide	H2O2;Oxydol	7722-84-1	784	CHEBI:16240	Metabolite	35039875	Homo sapiens				HLE B3 cells (human lens epithelial B3)		Cell	UVB-radiation	2.5	300	in vitro	No irradiation	24	Metabolomics		Up	lens epithelial cell	CL_0002224	Cell Ontology	
205	GSH	C00051	Glutathione	5-L-Glutamyl-L-cysteinylglycine;N-(N-gamma-L-Glutamyl-L-cysteinyl)glycine;gamma-L-Glutamyl-L-cysteinyl-glycine;GSH;Reduced glutathione	70-18-8	124886	CHEBI:16856	Metabolite	31079190	Homo sapiens				Normal human dermal fbroblasts (NHDF)		Cell	UVA-radiation		100000	in vitro	No irradiation	4	Metabolomics	Spectrophotometry	Down	fibroblast of dermis	CL_0002551	Cell Ontology	
206	MDA	C19440	Malonaldehyde	Malondialdehyde	542-78-9	10964	CHEBI:566274	Metabolite	31735467	Mus musculus	Hos:HR-1	Female	0.12		Dorsal skin		UVB-radiation		46500	in vivo	No irradiation		Metabolomics	TBARS assay	Up	skin of back	UBERON_0001068	Uberon Ontology	
207	Hyaluronic acid	C00518	Hyaluronate	Hyaluronic acid;Hyaluro;[beta-N-Acetyl-D-glucosaminyl(1,4)beta-D-glucuronosyl(1,3)]n	9004-61-9	3084049	CHEBI:16336	Metabolite	32344925	Homo sapiens				Hs68 cells (Human foreskin fibroblast)		Cell	UVB-radiation		200	in vitro	No irradiation	24	Metabolomics	ELISA	Down	foreskin fibroblast	CL_1001608	Cell Ontology	
208	Hydroxyproline	C01157	Hydroxyproline	L-Hydroxyproline;trans-4-Hydroxy-L-proline	51-35-4	5810	CHEBI:18095	Metabolite	31009737	Mus musculus	BALB/c	Male			Skin	Tissue	(UVA+UVB)-radiation		38000	in vivo	No irradiation		Metabolomics	Hydroxyproline assay kit	Down	skin of body	UBERON_0002097	Uberon Ontology	
209	Hydroxyproline	C01157	Hydroxyproline	L-Hydroxyproline;trans-4-Hydroxy-L-proline	51-35-4	5810	CHEBI:18095	Metabolite	34220502	Rattus norvegicus	Sprague-Dawley	Male	0.15		Dorsal skin	Tissue	UVB-radiation			in vivo	No irradiation		Metabolomics		Down	skin of body	UBERON_0002097	Uberon Ontology	
